IDEMPLEADO,NOMBRE,TELEFONO,CORREO,DNI,IDTIPOTRABAJO,IDTALLER
1,Glenden Semper,(880) 1229536,gsemper0@deviantart.com,41460844,2,15
2,Marcel Skerratt,(881) 5484994,mskerratt1@skyrock.com,37838137,3,12
3,Paten Heaney`,(126) 8670433,pheaney2@sphinn.com,1293031,4,14
4,Noella Denkel,(214) 2271744,ndenkel3@oaic.gov.au,23265919,3,7
5,Anet Truran,(879) 1088001,atruran4@cnbc.com,17630699,5,5
6,Cele Sawtell,(955) 5210534,csawtell5@hubpages.com,31557653,2,14
7,Zilvia Ganderton,(686) 1822448,zganderton6@cafepress.com,23192624,7,14
8,Obadias Bengoechea,(914) 2686781,obengoechea7@mediafire.com,7357481,2,12
9,Erv Copo,(983) 7329505,ecopo8@google.de,40817866,6,7
10,Brandy Karpf,(646) 2909648,bkarpf9@dagondesign.com,2480550,3,8
11,Brenden Aspenlon,(182) 9314072,baspenlona@house.gov,16188595,7,7
12,Hamlin Smyley,(391) 2594049,hsmyleyb@nature.com,29300133,8,10
13,Avril Tolliday,(946) 1984777,atollidayc@addtoany.com,9808460,2,7
14,Kylynn Sugge,(324) 3380207,ksugged@unc.edu,5369213,6,6
15,Rosaleen Muglestone,(302) 9737485,rmuglestonee@intel.com,40888135,7,1
16,Sheelah Kellett,(568) 1475906,skellettf@lycos.com,13647208,4,5
17,Harriet Hand,(278) 2859228,hhandg@geocities.jp,16368513,5,11
18,Kendall Golda,(657) 6986458,kgoldah@storify.com,41728545,6,4
19,Aaren Heart,(458) 4228678,ahearti@paginegialle.it,3482132,3,1
20,Madelaine Lingfoot,(184) 6063147,mlingfootj@phpbb.com,40454201,6,2
21,Kissee Gagin,(656) 2110614,kgagink@google.com.hk,5623119,2,9
22,Sara Grzelczak,(291) 8301080,sgrzelczakl@mail.ru,7949788,6,8
23,Norby Mignot,(643) 1845082,nmignotm@admin.ch,25237845,2,5
24,Stanly Edington,(738) 8563679,sedingtonn@newsvine.com,38443636,8,11
25,Jobey Breffitt,(816) 6730358,jbreffitto@example.com,18928015,8,15
26,Amelina Folk,(912) 6971274,afolkp@goo.gl,1658625,1,12
27,Reiko Shaw,(774) 2640809,rshawq@gmpg.org,18611236,6,7
28,Gayla Cann,(337) 3285078,gcannr@deviantart.com,9126723,4,3
29,Darbee Matis,(595) 1669047,dmatiss@yale.edu,38849228,7,15
30,Arlene Filippov,(342) 9919827,afilippovt@cdc.gov,18552789,3,8
31,Yves Farish,(604) 7394386,yfarishu@home.pl,8694612,2,12
32,Amandy Evemy,(748) 2827535,aevemyv@psu.edu,40312988,6,12
33,Tabitha Daunay,(106) 9468459,tdaunayw@4shared.com,24052303,7,4
34,Wilow Vicioso,(321) 7889994,wviciosox@bloglovin.com,16498663,8,8
35,Bruce Nottingam,(136) 2036063,bnottingamy@issuu.com,26171119,5,8
36,Lyndsay Hursthouse,(547) 4057165,lhursthousez@sina.com.cn,6529171,5,13
37,Ford Meneo,(827) 5371229,fmeneo10@1und1.de,41875081,6,1
38,Christophe Grix,(400) 3999355,cgrix11@blogger.com,25887142,3,12
39,Gardener Kempton,(177) 6121577,gkempton12@cmu.edu,5645849,1,12
40,Theresa Scaddon,(375) 7733778,tscaddon13@clickbank.net,4123165,7,13
41,Nicholle Attenbarrow,(101) 3721629,nattenbarrow14@google.com,3976337,5,15
42,Sasha Pellatt,(543) 7234353,spellatt15@slate.com,6951170,4,8
43,Myrtie Hollyar,(835) 2340715,mhollyar16@arizona.edu,11396675,2,3
44,Elsie Cullerne,(728) 6014557,ecullerne17@quantcast.com,33754610,8,4
45,Cathryn Wallsworth,(647) 9763652,cwallsworth18@gravatar.com,8133206,4,3
46,Julee Vanderplas,(971) 6757944,jvanderplas19@ycombinator.com,9603979,3,13
47,Tucky Garnsey,(574) 6908551,tgarnsey1a@homestead.com,20675295,3,2
48,Quentin Woolsey,(449) 7700481,qwoolsey1b@csmonitor.com,20717887,7,3
49,Molly Schrinel,(602) 1521336,mschrinel1c@army.mil,6992041,1,15
50,Valentijn Blaske,(551) 4309020,vblaske1d@webnode.com,40165322,1,5
51,Katlin Misselbrook,(114) 1755353,kmisselbrook1e@cisco.com,1556820,1,10
52,Deck Vile,(623) 8433074,dvile1f@wunderground.com,12679222,6,13
53,Shelba Giron,(927) 2624935,sgiron1g@nydailynews.com,22794640,4,4
54,Gregorius Storer,(662) 8265063,gstorer1h@samsung.com,33493427,6,8
55,Boote Iorizzo,(934) 3010463,biorizzo1i@wordpress.com,21544467,4,4
56,Jeffry Ebanks,(266) 9649249,jebanks1j@nbcnews.com,11939607,6,5
57,Sumner Blees,(735) 9719809,sblees1k@ca.gov,32781801,6,11
58,Cass D'Aguanno,(427) 4159495,cdaguanno1l@example.com,34611719,7,3
59,Ree Maseyk,(412) 2844758,rmaseyk1m@uiuc.edu,7933839,8,15
60,Packston Harniman,(326) 7095374,pharniman1n@wikimedia.org,9549675,5,10
61,Vida Godain,(756) 9367057,vgodain1o@de.vu,10771498,1,6
62,Idelle Tother,(508) 8768896,itother1p@list-manage.com,29291492,6,1
63,Lindy Judson,(873) 8211036,ljudson1q@aol.com,20018996,7,3
64,Maisey Brazear,(667) 5491803,mbrazear1r@t.co,19044975,3,4
65,Giovanna Ellesmere,(508) 3716809,gellesmere1s@livejournal.com,21482659,2,4
66,Zitella Krzyzanowski,(805) 3943831,zkrzyzanowski1t@imgur.com,11493184,6,5
67,Glenn Stoppe,(449) 4441645,gstoppe1u@alibaba.com,41845332,6,4
68,Ted Hargey,(655) 2865757,thargey1v@aboutads.info,14248010,5,9
69,Petronilla Godthaab,(481) 6811198,pgodthaab1w@symantec.com,30354894,8,9
70,Sunny Lease,(746) 8187910,slease1x@dailymotion.com,37195063,2,15
71,Adelheid Craggs,(573) 1529260,acraggs1y@godaddy.com,30429859,4,15
72,Harli Chant,(630) 5923675,hchant1z@nytimes.com,38283763,3,11
73,Perkin O'Mohun,(335) 9776993,pomohun20@sitemeter.com,4775913,5,10
74,Karoly Iston,(456) 5821314,kiston21@tripadvisor.com,31986209,4,8
75,Jackie Younie,(293) 3257565,jyounie22@themeforest.net,28870701,4,5
76,Charo Bayliss,(548) 5207889,cbayliss23@studiopress.com,28552407,2,11
77,Cirilo Ranby,(245) 3743057,cranby24@moonfruit.com,17796922,7,5
78,Glendon Harriss,(388) 4264938,gharriss25@taobao.com,4732255,6,13
79,Bernette Lung,(457) 3669684,blung26@theguardian.com,27893896,8,15
80,Evanne Longhurst,(489) 6849305,elonghurst27@kickstarter.com,35048403,1,8
81,Arlene McCaughren,(415) 7795919,amccaughren28@nba.com,20707055,4,7
82,Lynn Pentecost,(918) 3080522,lpentecost29@walmart.com,31343294,5,3
83,Marco Weathers,(109) 6959445,mweathers2a@php.net,35027160,8,12
84,Tobe Aspinwall,(475) 5252834,taspinwall2b@biglobe.ne.jp,35304156,4,1
85,Heath Schlagtmans,(287) 6622679,hschlagtmans2c@pbs.org,3077625,8,1
86,Justis Harvatt,(597) 1845196,jharvatt2d@army.mil,10129799,7,14
87,Skye Dolle,(922) 6547376,sdolle2e@a8.net,40751873,1,10
88,Eleanor Marlor,(135) 1675252,emarlor2f@apple.com,3246573,3,6
89,Izzy Atwill,(475) 5554096,iatwill2g@whitehouse.gov,13959008,2,14
90,Camile Antonacci,(152) 9680035,cantonacci2h@addthis.com,30826962,6,10
91,Arlee Prendeville,(696) 8292470,aprendeville2i@t.co,41593222,3,11
92,Raff Kitching,(507) 9371990,rkitching2j@nyu.edu,10013163,6,5
93,Normand Heyworth,(517) 1523568,nheyworth2k@google.fr,18941368,5,15
94,Garv Debrett,(665) 6537528,gdebrett2l@joomla.org,19994892,5,10
95,Felicity Nuzzi,(330) 3582143,fnuzzi2m@shop-pro.jp,36474079,8,6
96,Fabio Freiburger,(711) 2900452,ffreiburger2n@wufoo.com,31763351,3,5
97,Goober Colegrove,(236) 6901419,gcolegrove2o@hud.gov,24406729,8,11
98,Anestassia Netherclift,(487) 3551189,anetherclift2p@zdnet.com,23310605,5,4
99,Roseanna Woffinden,(336) 3140043,rwoffinden2q@github.com,26432860,6,11
100,Dori Wain,(272) 7852709,dwain2r@hibu.com,38024234,2,6
